,x (Ams),y (Ams),z (Ams),A (kHz),B (kHz)
0,-0.0,-0.0,-2.9587,2474.014540143238,0.0
1,0.0,0.0,2.9587,2474.014540143238,0.0
2,-2.29685,-2.29685,-1.47935,341.4801376750501,356.57223492306815
3,-2.29685,-2.29685,1.47935,341.4801376750501,356.57223492306815
4,-2.29685,2.29685,-1.47935,341.4801376750501,356.57223492306815
5,-2.29685,2.29685,1.47935,341.4801376750501,356.57223492306815
6,2.29685,-2.29685,-1.47935,341.4801376750501,356.57223492306815
7,2.29685,-2.29685,1.47935,341.4801376750501,356.57223492306815
8,2.29685,2.29685,-1.47935,341.4801376750501,356.57223492306815
9,2.29685,2.29685,1.47935,341.4801376750501,356.57223492306815
10,-4.5937,0.0,0.0,330.5119443504,0.0
11,-0.0,-4.5937,0.0,330.5119443504,0.0
12,0.0,4.5937,0.0,330.5119443504,0.0
13,4.5937,0.0,0.0,330.5119443504,0.0
14,-4.5937,-0.0,-2.9587,23.64324145875838,119.94891871966743
15,-4.5937,0.0,2.9587,23.64324145875838,119.94891871966743
16,-0.0,-4.5937,-2.9587,23.64324145875838,119.94891871966743
17,-0.0,-4.5937,2.9587,23.64324145875838,119.94891871966743
18,0.0,4.5937,-2.9587,23.64324145875838,119.94891871966743
19,0.0,4.5937,2.9587,23.64324145875838,119.94891871966743
20,4.5937,-0.0,-2.9587,23.64324145875838,119.94891871966743
21,4.5937,0.0,2.9587,23.64324145875838,119.94891871966743
22,-2.29685,-2.29685,-4.43805,183.64364425821708,123.14976720683937
23,-2.29685,-2.29685,4.43805,183.64364425821708,123.14976720683937
24,-2.29685,2.29685,-4.43805,183.64364425821708,123.14976720683937
25,-2.29685,2.29685,4.43805,183.64364425821708,123.14976720683937
26,2.29685,-2.29685,-4.43805,183.64364425821708,123.14976720683937
27,2.29685,-2.29685,4.43805,183.64364425821708,123.14976720683937
28,2.29685,2.29685,-4.43805,183.64364425821708,123.14976720683937
29,2.29685,2.29685,4.43805,183.64364425821708,123.14976720683937
30,-0.0,-0.0,-5.9174,309.2518175179047,0.0
31,0.0,0.0,5.9174,309.2518175179047,0.0
32,-4.5937,-4.5937,0.0,116.85361855665933,0.0
33,-4.5937,4.5937,0.0,116.85361855665933,0.0
34,4.5937,-4.5937,0.0,116.85361855665933,0.0
35,4.5937,4.5937,0.0,116.85361855665933,0.0
36,-4.5937,-4.5937,-2.9587,42.685017209381265,44.57152936538352
37,-4.5937,-4.5937,2.9587,42.685017209381265,44.57152936538352
38,-4.5937,4.5937,-2.9587,42.685017209381265,44.57152936538352
39,-4.5937,4.5937,2.9587,42.685017209381265,44.57152936538352
40,4.5937,-4.5937,-2.9587,42.685017209381265,44.57152936538352
41,4.5937,-4.5937,2.9587,42.685017209381265,44.57152936538352
42,4.5937,4.5937,-2.9587,42.685017209381265,44.57152936538352
43,4.5937,4.5937,2.9587,42.685017209381265,44.57152936538352
44,-6.89055,-2.29685,-1.47935,69.26772035158183,20.64051814509449
45,-6.89055,-2.29685,1.47935,69.26772035158183,20.64051814509449
46,-6.89055,2.29685,-1.47935,69.26772035158183,20.64051814509449
47,-6.89055,2.29685,1.47935,69.26772035158183,20.64051814509449
48,-2.29685,-6.89055,-1.47935,69.26772035158183,20.64051814509449
49,-2.29685,-6.89055,1.47935,69.26772035158183,20.64051814509449
50,-2.29685,6.89055,-1.47935,69.26772035158183,20.64051814509449
51,-2.29685,6.89055,1.47935,69.26772035158183,20.64051814509449
52,2.29685,-6.89055,-1.47935,69.26772035158183,20.64051814509449
53,2.29685,-6.89055,1.47935,69.26772035158183,20.64051814509449
54,2.29685,6.89055,-1.47935,69.26772035158183,20.64051814509449
55,2.29685,6.89055,1.47935,69.26772035158183,20.64051814509449
56,6.89055,-2.29685,-1.47935,69.26772035158183,20.64051814509449
57,6.89055,-2.29685,1.47935,69.26772035158183,20.64051814509449
58,6.89055,2.29685,-1.47935,69.26772035158183,20.64051814509449
59,6.89055,2.29685,1.47935,69.26772035158183,20.64051814509449
60,-4.5937,-0.0,-5.9174,66.44971979616618,49.52849728837589
61,-4.5937,0.0,5.9174,66.44971979616618,49.52849728837589
62,-0.0,-4.5937,-5.9174,66.44971979616618,49.52849728837589
63,0.0,-4.5937,5.9174,66.44971979616618,49.52849728837589
64,-0.0,4.5937,-5.9174,66.44971979616618,49.52849728837589
65,0.0,4.5937,5.9174,66.44971979616618,49.52849728837589
66,4.5937,-0.0,-5.9174,66.44971979616618,49.52849728837589
67,4.5937,0.0,5.9174,66.44971979616618,49.52849728837589
68,-2.29685,-2.29685,-7.39675,92.06298232388845,30.01463822218039
69,-2.29685,-2.29685,7.39675,92.06298232388845,30.01463822218039
70,-2.29685,2.29685,-7.39675,92.06298232388845,30.01463822218039
71,-2.29685,2.29685,7.39675,92.06298232388845,30.01463822218039
72,2.29685,-2.29685,-7.39675,92.06298232388845,30.01463822218039
73,2.29685,-2.29685,7.39675,92.06298232388845,30.01463822218039
74,2.29685,2.29685,-7.39675,92.06298232388845,30.01463822218039
75,2.29685,2.29685,7.39675,92.06298232388845,30.01463822218039
76,-6.89055,-2.29685,-4.43805,9.581831388008366,31.011149550123164
77,-6.89055,-2.29685,4.43805,9.581831388008366,31.011149550123164
78,-6.89055,2.29685,-4.43805,9.581831388008366,31.011149550123164
79,-6.89055,2.29685,4.43805,9.581831388008366,31.011149550123164
80,-2.29685,-6.89055,-4.43805,9.581831388008366,31.011149550123164
81,-2.29685,-6.89055,4.43805,9.581831388008366,31.011149550123164
82,-2.29685,6.89055,-4.43805,9.581831388008366,31.011149550123164
83,-2.29685,6.89055,4.43805,9.581831388008366,31.011149550123164
84,2.29685,-6.89055,-4.43805,9.581831388008366,31.011149550123164
85,2.29685,-6.89055,4.43805,9.581831388008366,31.011149550123164
86,2.29685,6.89055,-4.43805,9.581831388008366,31.011149550123164
87,2.29685,6.89055,4.43805,9.581831388008366,31.011149550123164
88,6.89055,-2.29685,-4.43805,9.581831388008366,31.011149550123164
89,6.89055,-2.29685,4.43805,9.581831388008366,31.011149550123164
90,6.89055,2.29685,-4.43805,9.581831388008366,31.011149550123164
91,6.89055,2.29685,4.43805,9.581831388008366,31.011149550123164
92,-4.5937,-4.5937,-5.9174,17.0145845618567,31.535405830963292
93,-4.5937,-4.5937,5.9174,17.0145845618567,31.535405830963292
94,-4.5937,4.5937,-5.9174,17.0145845618567,31.535405830963292
95,-4.5937,4.5937,5.9174,17.0145845618567,31.535405830963292
96,4.5937,-4.5937,-5.9174,17.0145845618567,31.535405830963292
97,4.5937,-4.5937,5.9174,17.0145845618567,31.535405830963292
98,4.5937,4.5937,-5.9174,17.0145845618567,31.535405830963292
99,4.5937,4.5937,5.9174,17.0145845618567,31.535405830963292
100,-0.0,-0.0,-8.8761,91.63016815345321,0.0
101,0.0,0.0,8.8761,91.63016815345321,0.0
102,-9.1874,0.0,0.0,41.3139930438,0.0
103,-0.0,-9.1874,0.0,41.3139930438,0.0
104,0.0,9.1874,0.0,41.3139930438,0.0
105,9.1874,0.0,0.0,41.3139930438,0.0
106,-9.1874,-0.0,-2.9587,25.586143685631733,13.94778461452573
107,-9.1874,0.0,2.9587,25.586143685631733,13.94778461452573
108,-0.0,-9.1874,-2.9587,25.586143685631733,13.94778461452573
109,-0.0,-9.1874,2.9587,25.586143685631733,13.94778461452573
110,0.0,9.1874,-2.9587,25.586143685631733,13.94778461452573
111,0.0,9.1874,2.9587,25.586143685631733,13.94778461452573
112,9.1874,-0.0,-2.9587,25.586143685631733,13.94778461452573
113,9.1874,0.0,2.9587,25.586143685631733,13.94778461452573
114,-6.89055,-6.89055,-1.47935,31.198670072657475,6.661442836927198
115,-6.89055,-6.89055,1.47935,31.198670072657475,6.661442836927198
116,-6.89055,6.89055,-1.47935,31.198670072657475,6.661442836927198
117,-6.89055,6.89055,1.47935,31.198670072657475,6.661442836927198
118,6.89055,-6.89055,-1.47935,31.198670072657475,6.661442836927198
119,6.89055,-6.89055,1.47935,31.198670072657475,6.661442836927198
120,6.89055,6.89055,-1.47935,31.198670072657475,6.661442836927198
121,6.89055,6.89055,1.47935,31.198670072657475,6.661442836927198
122,-4.5937,-0.0,-8.8761,43.84616851521745,17.576046034987673
123,-4.5937,0.0,8.8761,43.84616851521745,17.576046034987673
124,-0.0,-4.5937,-8.8761,43.84616851521745,17.576046034987673
125,0.0,-4.5937,8.8761,43.84616851521745,17.576046034987673
126,-0.0,4.5937,-8.8761,43.84616851521745,17.576046034987673
127,0.0,4.5937,8.8761,43.84616851521745,17.576046034987673
128,4.5937,-0.0,-8.8761,43.84616851521745,17.576046034987673
129,4.5937,0.0,8.8761,43.84616851521745,17.576046034987673
130,-9.1874,-4.5937,0.0,29.561886997724873,0.0
131,-9.1874,4.5937,0.0,29.561886997724873,0.0
132,-4.5937,-9.1874,0.0,29.561886997724873,0.0
133,-4.5937,9.1874,0.0,29.561886997724873,0.0
134,4.5937,-9.1874,0.0,29.561886997724873,0.0
135,4.5937,9.1874,0.0,29.561886997724873,0.0
136,9.1874,-4.5937,0.0,29.561886997724873,0.0
137,9.1874,4.5937,0.0,29.561886997724873,0.0
138,-6.89055,-2.29685,-7.39675,15.164523752509023,19.28838877251397
139,-6.89055,-2.29685,7.39675,15.164523752509023,19.28838877251397
140,-6.89055,2.29685,-7.39675,15.164523752509023,19.28838877251397
141,-6.89055,2.29685,7.39675,15.164523752509023,19.28838877251397
142,-2.29685,-6.89055,-7.39675,15.164523752509023,19.28838877251397
143,-2.29685,-6.89055,7.39675,15.164523752509023,19.28838877251397
144,-2.29685,6.89055,-7.39675,15.164523752509023,19.28838877251397
145,-2.29685,6.89055,7.39675,15.164523752509023,19.28838877251397
146,2.29685,-6.89055,-7.39675,15.164523752509023,19.28838877251397
147,2.29685,-6.89055,7.39675,15.164523752509023,19.28838877251397
148,2.29685,6.89055,-7.39675,15.164523752509023,19.28838877251397
149,2.29685,6.89055,7.39675,15.164523752509023,19.28838877251397
150,6.89055,-2.29685,-7.39675,15.164523752509023,19.28838877251397
151,6.89055,-2.29685,7.39675,15.164523752509023,19.28838877251397
152,6.89055,2.29685,-7.39675,15.164523752509023,19.28838877251397
153,6.89055,2.29685,7.39675,15.164523752509023,19.28838877251397
154,-9.1874,-4.5937,-2.9587,20.20198474796231,9.360163073969629
155,-9.1874,-4.5937,2.9587,20.20198474796231,9.360163073969629
156,-9.1874,4.5937,-2.9587,20.20198474796231,9.360163073969629
157,-9.1874,4.5937,2.9587,20.20198474796231,9.360163073969629
158,-4.5937,-9.1874,-2.9587,20.20198474796231,9.360163073969629
159,-4.5937,-9.1874,2.9587,20.20198474796231,9.360163073969629
160,-4.5937,9.1874,-2.9587,20.20198474796231,9.360163073969629
161,-4.5937,9.1874,2.9587,20.20198474796231,9.360163073969629
162,4.5937,-9.1874,-2.9587,20.20198474796231,9.360163073969629
163,4.5937,-9.1874,2.9587,20.20198474796231,9.360163073969629
164,4.5937,9.1874,-2.9587,20.20198474796231,9.360163073969629
165,4.5937,9.1874,2.9587,20.20198474796231,9.360163073969629
166,9.1874,-4.5937,-2.9587,20.20198474796231,9.360163073969629
167,9.1874,-4.5937,2.9587,20.20198474796231,9.360163073969629
168,9.1874,4.5937,-2.9587,20.20198474796231,9.360163073969629
169,9.1874,4.5937,2.9587,20.20198474796231,9.360163073969629
170,-6.89055,-6.89055,-4.43805,12.647412506483334,13.206379071224749
171,-6.89055,-6.89055,4.43805,12.647412506483334,13.206379071224749
172,-6.89055,6.89055,-4.43805,12.647412506483334,13.206379071224749
173,-6.89055,6.89055,4.43805,12.647412506483334,13.206379071224749
174,6.89055,-6.89055,-4.43805,12.647412506483334,13.206379071224749
175,6.89055,-6.89055,4.43805,12.647412506483334,13.206379071224749
176,6.89055,6.89055,-4.43805,12.647412506483334,13.206379071224749
177,6.89055,6.89055,4.43805,12.647412506483334,13.206379071224749
178,-2.29685,-2.29685,-10.355450000000001,43.39067388241485,9.602629640703283
179,-2.29685,-2.29685,10.355450000000001,43.39067388241485,9.602629640703283
180,-2.29685,2.29685,-10.355450000000001,43.39067388241485,9.602629640703283
181,-2.29685,2.29685,10.355450000000001,43.39067388241485,9.602629640703283
182,2.29685,-2.29685,-10.355450000000001,43.39067388241485,9.602629640703283
183,2.29685,-2.29685,10.355450000000001,43.39067388241485,9.602629640703283
184,2.29685,2.29685,-10.355450000000001,43.39067388241485,9.602629640703283
185,2.29685,2.29685,10.355450000000001,43.39067388241485,9.602629640703283
186,-9.1874,-0.0,-5.9174,2.9554051823447973,14.993614839958429
187,-9.1874,0.0,5.9174,2.9554051823447973,14.993614839958429
188,-0.0,-9.1874,-5.9174,2.9554051823447973,14.993614839958429
189,-0.0,-9.1874,5.9174,2.9554051823447973,14.993614839958429
190,0.0,9.1874,-5.9174,2.9554051823447973,14.993614839958429
191,0.0,9.1874,5.9174,2.9554051823447973,14.993614839958429
192,9.1874,-0.0,-5.9174,2.9554051823447973,14.993614839958429
193,9.1874,0.0,5.9174,2.9554051823447973,14.993614839958429
194,-4.5937,-4.5937,-8.8761,22.955455532277135,15.393720900854921
195,-4.5937,-4.5937,8.8761,22.955455532277135,15.393720900854921
196,-4.5937,4.5937,-8.8761,22.955455532277135,15.393720900854921
197,-4.5937,4.5937,8.8761,22.955455532277135,15.393720900854921
198,4.5937,-4.5937,-8.8761,22.955455532277135,15.393720900854921
199,4.5937,-4.5937,8.8761,22.955455532277135,15.393720900854921
200,4.5937,4.5937,-8.8761,22.955455532277135,15.393720900854921
201,4.5937,4.5937,8.8761,22.955455532277135,15.393720900854921
202,-11.48425,-2.29685,-1.47935,18.558642773991398,3.2487670497510233
203,-11.48425,-2.29685,1.47935,18.558642773991398,3.2487670497510233
204,-11.48425,2.29685,-1.47935,18.558642773991398,3.2487670497510233
205,-11.48425,2.29685,1.47935,18.558642773991398,3.2487670497510233
206,-2.29685,-11.48425,-1.47935,18.558642773991398,3.2487670497510233
207,-2.29685,-11.48425,1.47935,18.558642773991398,3.2487670497510233
208,-2.29685,11.48425,-1.47935,18.558642773991398,3.2487670497510233
209,-2.29685,11.48425,1.47935,18.558642773991398,3.2487670497510233
210,2.29685,-11.48425,-1.47935,18.558642773991398,3.2487670497510233
211,2.29685,-11.48425,1.47935,18.558642773991398,3.2487670497510233
212,2.29685,11.48425,-1.47935,18.558642773991398,3.2487670497510233
213,2.29685,11.48425,1.47935,18.558642773991398,3.2487670497510233
214,11.48425,-2.29685,-1.47935,18.558642773991398,3.2487670497510233
215,11.48425,-2.29685,1.47935,18.558642773991398,3.2487670497510233
216,11.48425,2.29685,-1.47935,18.558642773991398,3.2487670497510233
217,11.48425,2.29685,1.47935,18.558642773991398,3.2487670497510233
218,-0.0,-0.0,-11.8348,38.65647718973809,0.0
219,0.0,0.0,11.8348,38.65647718973809,0.0
220,-9.1874,-4.5937,-5.9174,4.855751070746571,11.160868306082673
221,-9.1874,-4.5937,5.9174,4.855751070746571,11.160868306082673
222,-9.1874,4.5937,-5.9174,4.855751070746571,11.160868306082673
223,-9.1874,4.5937,5.9174,4.855751070746571,11.160868306082673
224,-4.5937,-9.1874,-5.9174,4.855751070746571,11.160868306082673
225,-4.5937,-9.1874,5.9174,4.855751070746571,11.160868306082673
226,-4.5937,9.1874,-5.9174,4.855751070746571,11.160868306082673
227,-4.5937,9.1874,5.9174,4.855751070746571,11.160868306082673
228,4.5937,-9.1874,-5.9174,4.855751070746571,11.160868306082673
229,4.5937,-9.1874,5.9174,4.855751070746571,11.160868306082673
230,4.5937,9.1874,-5.9174,4.855751070746571,11.160868306082673
231,4.5937,9.1874,5.9174,4.855751070746571,11.160868306082673
232,9.1874,-4.5937,-5.9174,4.855751070746571,11.160868306082673
233,9.1874,-4.5937,5.9174,4.855751070746571,11.160868306082673
234,9.1874,4.5937,-5.9174,4.855751070746571,11.160868306082673
235,9.1874,4.5937,5.9174,4.855751070746571,11.160868306082673
236,-6.89055,-6.89055,-7.39675,1.6909518620277348,11.305116002458496
237,-6.89055,-6.89055,7.39675,1.6909518620277348,11.305116002458496
238,-6.89055,6.89055,-7.39675,1.6909518620277348,11.305116002458496
239,-6.89055,6.89055,7.39675,1.6909518620277348,11.305116002458496
240,6.89055,-6.89055,-7.39675,1.6909518620277348,11.305116002458496
241,6.89055,-6.89055,7.39675,1.6909518620277348,11.305116002458496
242,6.89055,6.89055,-7.39675,1.6909518620277348,11.305116002458496
243,6.89055,6.89055,7.39675,1.6909518620277348,11.305116002458496
244,-11.48425,-2.29685,-4.43805,10.164959813477473,7.250093640306953
245,-11.48425,-2.29685,4.43805,10.164959813477473,7.250093640306953
246,-11.48425,2.29685,-4.43805,10.164959813477473,7.250093640306953
247,-11.48425,2.29685,4.43805,10.164959813477473,7.250093640306953
248,-2.29685,-11.48425,-4.43805,10.164959813477473,7.250093640306953
249,-2.29685,-11.48425,4.43805,10.164959813477473,7.250093640306953
250,-2.29685,11.48425,-4.43805,10.164959813477473,7.250093640306953
251,-2.29685,11.48425,4.43805,10.164959813477473,7.250093640306953
252,2.29685,-11.48425,-4.43805,10.164959813477473,7.250093640306953
253,2.29685,-11.48425,4.43805,10.164959813477473,7.250093640306953
254,2.29685,11.48425,-4.43805,10.164959813477473,7.250093640306953
255,2.29685,11.48425,4.43805,10.164959813477473,7.250093640306953
256,11.48425,-2.29685,-4.43805,10.164959813477473,7.250093640306953
257,11.48425,-2.29685,4.43805,10.164959813477473,7.250093640306953
258,11.48425,2.29685,-4.43805,10.164959813477473,7.250093640306953
259,11.48425,2.29685,4.43805,10.164959813477473,7.250093640306953
260,-6.89055,-2.29685,-10.355450000000001,16.002612221927922,9.985667991397204
261,-6.89055,-2.29685,10.355450000000001,16.002612221927922,9.985667991397204
262,-6.89055,2.29685,-10.355450000000001,16.002612221927922,9.985667991397204
263,-6.89055,2.29685,10.355450000000001,16.002612221927922,9.985667991397204
264,-2.29685,-6.89055,-10.355450000000001,16.002612221927922,9.985667991397204
265,-2.29685,-6.89055,10.355450000000001,16.002612221927922,9.985667991397204
266,-2.29685,6.89055,-10.355450000000001,16.002612221927922,9.985667991397204
267,-2.29685,6.89055,10.355450000000001,16.002612221927922,9.985667991397204
268,2.29685,-6.89055,-10.355450000000001,16.002612221927922,9.985667991397204
269,2.29685,-6.89055,10.355450000000001,16.002612221927922,9.985667991397204
270,2.29685,6.89055,-10.355450000000001,16.002612221927922,9.985667991397204
271,2.29685,6.89055,10.355450000000001,16.002612221927922,9.985667991397204
272,6.89055,-2.29685,-10.355450000000001,16.002612221927922,9.985667991397204
273,6.89055,-2.29685,10.355450000000001,16.002612221927922,9.985667991397204
274,6.89055,2.29685,-10.355450000000001,16.002612221927922,9.985667991397204
275,6.89055,2.29685,10.355450000000001,16.002612221927922,9.985667991397204
276,-4.5937,-0.0,-11.8348,25.16745340386343,7.086975196651505
277,-4.5937,0.0,11.8348,25.16745340386343,7.086975196651505
278,-0.0,-4.5937,-11.8348,25.16745340386343,7.086975196651505
279,0.0,-4.5937,11.8348,25.16745340386343,7.086975196651505
280,-0.0,4.5937,-11.8348,25.16745340386343,7.086975196651505
281,0.0,4.5937,11.8348,25.16745340386343,7.086975196651505
282,4.5937,-0.0,-11.8348,25.16745340386343,7.086975196651505
283,4.5937,0.0,11.8348,25.16745340386343,7.086975196651505
284,-9.1874,-0.0,-8.8761,6.889751802413558,10.303129749693392
285,-9.1874,0.0,8.8761,6.889751802413558,10.303129749693392
286,-0.0,-9.1874,-8.8761,6.889751802413558,10.303129749693392
287,-0.0,-9.1874,8.8761,6.889751802413558,10.303129749693392
288,0.0,9.1874,-8.8761,6.889751802413558,10.303129749693392
289,0.0,9.1874,8.8761,6.889751802413558,10.303129749693392
290,9.1874,-0.0,-8.8761,6.889751802413558,10.303129749693392
291,9.1874,0.0,8.8761,6.889751802413558,10.303129749693392
292,-9.1874,-9.1874,0.0,14.606702319582416,0.0
293,-9.1874,9.1874,0.0,14.606702319582416,0.0
294,9.1874,-9.1874,0.0,14.606702319582416,0.0
295,9.1874,9.1874,0.0,14.606702319582416,0.0
296,-9.1874,-9.1874,-2.9587,11.537507625828402,3.9327156481583643
297,-9.1874,-9.1874,2.9587,11.537507625828402,3.9327156481583643
298,-9.1874,9.1874,-2.9587,11.537507625828402,3.9327156481583643
299,-9.1874,9.1874,2.9587,11.537507625828402,3.9327156481583643
300,9.1874,-9.1874,-2.9587,11.537507625828402,3.9327156481583643
301,9.1874,-9.1874,2.9587,11.537507625828402,3.9327156481583643
302,9.1874,9.1874,-2.9587,11.537507625828402,3.9327156481583643
303,9.1874,9.1874,2.9587,11.537507625828402,3.9327156481583643
304,-11.48425,-6.89055,-1.47935,12.623001739469446,1.9174625638956373
305,-11.48425,-6.89055,1.47935,12.623001739469446,1.9174625638956373
306,-11.48425,6.89055,-1.47935,12.623001739469446,1.9174625638956373
307,-11.48425,6.89055,1.47935,12.623001739469446,1.9174625638956373
308,-6.89055,-11.48425,-1.47935,12.623001739469446,1.9174625638956373
309,-6.89055,-11.48425,1.47935,12.623001739469446,1.9174625638956373
310,-6.89055,11.48425,-1.47935,12.623001739469446,1.9174625638956373
311,-6.89055,11.48425,1.47935,12.623001739469446,1.9174625638956373
312,6.89055,-11.48425,-1.47935,12.623001739469446,1.9174625638956373
313,6.89055,-11.48425,1.47935,12.623001739469446,1.9174625638956373
314,6.89055,11.48425,-1.47935,12.623001739469446,1.9174625638956373
315,6.89055,11.48425,1.47935,12.623001739469446,1.9174625638956373
316,11.48425,-6.89055,-1.47935,12.623001739469446,1.9174625638956373
317,11.48425,-6.89055,1.47935,12.623001739469446,1.9174625638956373
318,11.48425,6.89055,-1.47935,12.623001739469446,1.9174625638956373
319,11.48425,6.89055,1.47935,12.623001739469446,1.9174625638956373
320,-4.5937,-4.5937,-11.8348,16.995716140381937,7.368546336137012
321,-4.5937,-4.5937,11.8348,16.995716140381937,7.368546336137012
322,-4.5937,4.5937,-11.8348,16.995716140381937,7.368546336137012
323,-4.5937,4.5937,11.8348,16.995716140381937,7.368546336137012
324,4.5937,-4.5937,-11.8348,16.995716140381937,7.368546336137012
325,4.5937,-4.5937,11.8348,16.995716140381937,7.368546336137012
326,4.5937,4.5937,-11.8348,16.995716140381937,7.368546336137012
327,4.5937,4.5937,11.8348,16.995716140381937,7.368546336137012
328,-9.1874,-4.5937,-8.8761,3.617356316506307,8.499512121228701
329,-9.1874,-4.5937,8.8761,3.617356316506307,8.499512121228701
330,-9.1874,4.5937,-8.8761,3.617356316506307,8.499512121228701
331,-9.1874,4.5937,8.8761,3.617356316506307,8.499512121228701
332,-4.5937,-9.1874,-8.8761,3.617356316506307,8.499512121228701
333,-4.5937,-9.1874,8.8761,3.617356316506307,8.499512121228701
334,-4.5937,9.1874,-8.8761,3.617356316506307,8.499512121228701
335,-4.5937,9.1874,8.8761,3.617356316506307,8.499512121228701
336,4.5937,-9.1874,-8.8761,3.617356316506307,8.499512121228701
337,4.5937,-9.1874,8.8761,3.617356316506307,8.499512121228701
338,4.5937,9.1874,-8.8761,3.617356316506307,8.499512121228701
339,4.5937,9.1874,8.8761,3.617356316506307,8.499512121228701
340,9.1874,-4.5937,-8.8761,3.617356316506307,8.499512121228701
341,9.1874,-4.5937,8.8761,3.617356316506307,8.499512121228701
342,9.1874,4.5937,-8.8761,3.617356316506307,8.499512121228701
343,9.1874,4.5937,8.8761,3.617356316506307,8.499512121228701
344,-2.29685,-2.29685,-13.31415,22.796598557714127,3.8453111416500874
345,-2.29685,-2.29685,13.31415,22.796598557714127,3.8453111416500874
346,-2.29685,2.29685,-13.31415,22.796598557714127,3.8453111416500874
347,-2.29685,2.29685,13.31415,22.796598557714127,3.8453111416500874
348,2.29685,-2.29685,-13.31415,22.796598557714127,3.8453111416500874
349,2.29685,-2.29685,13.31415,22.796598557714127,3.8453111416500874
350,2.29685,2.29685,-13.31415,22.796598557714127,3.8453111416500874
351,2.29685,2.29685,13.31415,22.796598557714127,3.8453111416500874
352,-13.7811,0.0,0.0,12.241183124088886,0.0
353,-0.0,-13.7811,0.0,12.241183124088886,0.0
354,0.0,13.7811,0.0,12.241183124088886,0.0
355,13.7811,0.0,0.0,12.241183124088886,0.0
356,-11.48425,-2.29685,-7.39675,1.7427229520197678,7.301685800498346
357,-11.48425,-2.29685,7.39675,1.7427229520197678,7.301685800498346
358,-11.48425,2.29685,-7.39675,1.7427229520197678,7.301685800498346
359,-11.48425,2.29685,7.39675,1.7427229520197678,7.301685800498346
360,-2.29685,-11.48425,-7.39675,1.7427229520197678,7.301685800498346
361,-2.29685,-11.48425,7.39675,1.7427229520197678,7.301685800498346
362,-2.29685,11.48425,-7.39675,1.7427229520197678,7.301685800498346
363,-2.29685,11.48425,7.39675,1.7427229520197678,7.301685800498346
364,2.29685,-11.48425,-7.39675,1.7427229520197678,7.301685800498346
365,2.29685,-11.48425,7.39675,1.7427229520197678,7.301685800498346
366,2.29685,11.48425,-7.39675,1.7427229520197678,7.301685800498346
367,2.29685,11.48425,7.39675,1.7427229520197678,7.301685800498346
368,11.48425,-2.29685,-7.39675,1.7427229520197678,7.301685800498346
369,11.48425,-2.29685,7.39675,1.7427229520197678,7.301685800498346
370,11.48425,2.29685,-7.39675,1.7427229520197678,7.301685800498346
371,11.48425,2.29685,7.39675,1.7427229520197678,7.301685800498346
372,-13.7811,-0.0,-2.9587,9.928753239237246,3.1502937531884085
373,-13.7811,0.0,2.9587,9.928753239237246,3.1502937531884085
374,-0.0,-13.7811,-2.9587,9.928753239237246,3.1502937531884085
375,-0.0,-13.7811,2.9587,9.928753239237246,3.1502937531884085
376,0.0,13.7811,-2.9587,9.928753239237246,3.1502937531884085
377,0.0,13.7811,2.9587,9.928753239237246,3.1502937531884085
378,13.7811,-0.0,-2.9587,9.928753239237246,3.1502937531884085
379,13.7811,0.0,2.9587,9.928753239237246,3.1502937531884085
380,-11.48425,-6.89055,-4.43805,8.021289901991224,4.569765939853343
381,-11.48425,-6.89055,4.43805,8.021289901991224,4.569765939853343
382,-11.48425,6.89055,-4.43805,8.021289901991224,4.569765939853343
383,-11.48425,6.89055,4.43805,8.021289901991224,4.569765939853343
384,-6.89055,-11.48425,-4.43805,8.021289901991224,4.569765939853343
385,-6.89055,-11.48425,4.43805,8.021289901991224,4.569765939853343
386,-6.89055,11.48425,-4.43805,8.021289901991224,4.569765939853343
387,-6.89055,11.48425,4.43805,8.021289901991224,4.569765939853343
388,6.89055,-11.48425,-4.43805,8.021289901991224,4.569765939853343
389,6.89055,-11.48425,4.43805,8.021289901991224,4.569765939853343
390,6.89055,11.48425,-4.43805,8.021289901991224,4.569765939853343
391,6.89055,11.48425,4.43805,8.021289901991224,4.569765939853343
392,11.48425,-6.89055,-4.43805,8.021289901991224,4.569765939853343
393,11.48425,-6.89055,4.43805,8.021289901991224,4.569765939853343
394,11.48425,6.89055,-4.43805,8.021289901991224,4.569765939853343
395,11.48425,6.89055,4.43805,8.021289901991224,4.569765939853343
396,-6.89055,-6.89055,-10.355450000000001,6.586575783755803,7.461475641549066
397,-6.89055,-6.89055,10.355450000000001,6.586575783755803,7.461475641549066
398,-6.89055,6.89055,-10.355450000000001,6.586575783755803,7.461475641549066
399,-6.89055,6.89055,10.355450000000001,6.586575783755803,7.461475641549066
400,6.89055,-6.89055,-10.355450000000001,6.586575783755803,7.461475641549066
401,6.89055,-6.89055,10.355450000000001,6.586575783755803,7.461475641549066
402,6.89055,6.89055,-10.355450000000001,6.586575783755803,7.461475641549066
403,6.89055,6.89055,10.355450000000001,6.586575783755803,7.461475641549066
404,-9.1874,-9.1874,-5.9174,5.335627151172658,5.57144117067294
405,-9.1874,-9.1874,5.9174,5.335627151172658,5.57144117067294
406,-9.1874,9.1874,-5.9174,5.335627151172658,5.57144117067294
407,-9.1874,9.1874,5.9174,5.335627151172658,5.57144117067294
408,9.1874,-9.1874,-5.9174,5.335627151172658,5.57144117067294
409,9.1874,-9.1874,5.9174,5.335627151172658,5.57144117067294
410,9.1874,9.1874,-5.9174,5.335627151172658,5.57144117067294
411,9.1874,9.1874,5.9174,5.335627151172658,5.57144117067294
412,-13.7811,-4.5937,0.0,10.451705380380842,0.0
413,-13.7811,4.5937,0.0,10.451705380380842,0.0
414,-4.5937,-13.7811,0.0,10.451705380380842,0.0
415,-4.5937,13.7811,0.0,10.451705380380842,0.0
416,4.5937,-13.7811,0.0,10.451705380380842,0.0
417,4.5937,13.7811,0.0,10.451705380380842,0.0
418,13.7811,-4.5937,0.0,10.451705380380842,0.0
419,13.7811,4.5937,0.0,10.451705380380842,0.0
420,-0.0,-0.0,-14.7935,19.7921163211459,0.0
421,0.0,0.0,14.7935,19.7921163211459,0.0
422,-13.7811,-4.5937,-2.9587,8.658465043947729,2.580064768136811
423,-13.7811,-4.5937,2.9587,8.658465043947729,2.580064768136811
424,-13.7811,4.5937,-2.9587,8.658465043947729,2.580064768136811
425,-13.7811,4.5937,2.9587,8.658465043947729,2.580064768136811
426,-4.5937,-13.7811,-2.9587,8.658465043947729,2.580064768136811
427,-4.5937,-13.7811,2.9587,8.658465043947729,2.580064768136811
428,-4.5937,13.7811,-2.9587,8.658465043947729,2.580064768136811
429,-4.5937,13.7811,2.9587,8.658465043947729,2.580064768136811
430,4.5937,-13.7811,-2.9587,8.658465043947729,2.580064768136811
431,4.5937,-13.7811,2.9587,8.658465043947729,2.580064768136811
432,4.5937,13.7811,-2.9587,8.658465043947729,2.580064768136811
433,4.5937,13.7811,2.9587,8.658465043947729,2.580064768136811
434,13.7811,-4.5937,-2.9587,8.658465043947729,2.580064768136811
435,13.7811,-4.5937,2.9587,8.658465043947729,2.580064768136811
436,13.7811,4.5937,-2.9587,8.658465043947729,2.580064768136811
437,13.7811,4.5937,2.9587,8.658465043947729,2.580064768136811
438,-9.1874,-0.0,-11.8348,8.306214974520772,6.191062161046986
439,-9.1874,0.0,11.8348,8.306214974520772,6.191062161046986
440,-0.0,-9.1874,-11.8348,8.306214974520772,6.191062161046986
441,0.0,-9.1874,11.8348,8.306214974520772,6.191062161046986
442,-0.0,9.1874,-11.8348,8.306214974520772,6.191062161046986
443,0.0,9.1874,11.8348,8.306214974520772,6.191062161046986
444,9.1874,-0.0,-11.8348,8.306214974520772,6.191062161046986
445,9.1874,0.0,11.8348,8.306214974520772,6.191062161046986
446,-13.7811,-0.0,-5.9174,5.06185198534601,4.619412065053201
447,-13.7811,0.0,5.9174,5.06185198534601,4.619412065053201
448,-0.0,-13.7811,-5.9174,5.06185198534601,4.619412065053201
449,-0.0,-13.7811,5.9174,5.06185198534601,4.619412065053201
450,0.0,13.7811,-5.9174,5.06185198534601,4.619412065053201
451,0.0,13.7811,5.9174,5.06185198534601,4.619412065053201
452,13.7811,-0.0,-5.9174,5.06185198534601,4.619412065053201
453,13.7811,0.0,5.9174,5.06185198534601,4.619412065053201
454,-6.89055,-2.29685,-13.31415,12.04869891390746,5.180061724230081
455,-6.89055,-2.29685,13.31415,12.04869891390746,5.180061724230081
456,-6.89055,2.29685,-13.31415,12.04869891390746,5.180061724230081
457,-6.89055,2.29685,13.31415,12.04869891390746,5.180061724230081
458,-2.29685,-6.89055,-13.31415,12.04869891390746,5.180061724230081
459,-2.29685,-6.89055,13.31415,12.04869891390746,5.180061724230081
460,-2.29685,6.89055,-13.31415,12.04869891390746,5.180061724230081
461,-2.29685,6.89055,13.31415,12.04869891390746,5.180061724230081
462,2.29685,-6.89055,-13.31415,12.04869891390746,5.180061724230081
463,2.29685,-6.89055,13.31415,12.04869891390746,5.180061724230081
464,2.29685,6.89055,-13.31415,12.04869891390746,5.180061724230081
465,2.29685,6.89055,13.31415,12.04869891390746,5.180061724230081
466,6.89055,-2.29685,-13.31415,12.04869891390746,5.180061724230081
467,6.89055,-2.29685,13.31415,12.04869891390746,5.180061724230081
468,6.89055,2.29685,-13.31415,12.04869891390746,5.180061724230081
469,6.89055,2.29685,13.31415,12.04869891390746,5.180061724230081
470,-11.48425,-6.89055,-7.39675,2.673103406323208,5.079435755645353
471,-11.48425,-6.89055,7.39675,2.673103406323208,5.079435755645353
472,-11.48425,6.89055,-7.39675,2.673103406323208,5.079435755645353
473,-11.48425,6.89055,7.39675,2.673103406323208,5.079435755645353
474,-6.89055,-11.48425,-7.39675,2.673103406323208,5.079435755645353
475,-6.89055,-11.48425,7.39675,2.673103406323208,5.079435755645353
476,-6.89055,11.48425,-7.39675,2.673103406323208,5.079435755645353
477,-6.89055,11.48425,7.39675,2.673103406323208,5.079435755645353
478,6.89055,-11.48425,-7.39675,2.673103406323208,5.079435755645353
479,6.89055,-11.48425,7.39675,2.673103406323208,5.079435755645353
480,6.89055,11.48425,-7.39675,2.673103406323208,5.079435755645353
481,6.89055,11.48425,7.39675,2.673103406323208,5.079435755645353
482,11.48425,-6.89055,-7.39675,2.673103406323208,5.079435755645353
483,11.48425,-6.89055,7.39675,2.673103406323208,5.079435755645353
484,11.48425,6.89055,-7.39675,2.673103406323208,5.079435755645353
485,11.48425,6.89055,7.39675,2.673103406323208,5.079435755645353
486,-4.5937,-0.0,-14.7935,14.965340460711648,3.2752483589609835
487,-4.5937,0.0,14.7935,14.965340460711648,3.2752483589609835
488,-0.0,-4.5937,-14.7935,14.965340460711648,3.2752483589609835
489,0.0,-4.5937,14.7935,14.965340460711648,3.2752483589609835
490,-0.0,4.5937,-14.7935,14.965340460711648,3.2752483589609835
491,0.0,4.5937,14.7935,14.965340460711648,3.2752483589609835
492,4.5937,-0.0,-14.7935,14.965340460711648,3.2752483589609835
493,4.5937,0.0,14.7935,14.965340460711648,3.2752483589609835
494,-11.48425,-2.29685,-10.355450000000001,2.6524480028520636,5.582794372929748
495,-11.48425,-2.29685,10.355450000000001,2.6524480028520636,5.582794372929748
496,-11.48425,2.29685,-10.355450000000001,2.6524480028520636,5.582794372929748
497,-11.48425,2.29685,10.355450000000001,2.6524480028520636,5.582794372929748
498,-2.29685,-11.48425,-10.355450000000001,2.6524480028520636,5.582794372929748
499,-2.29685,-11.48425,10.355450000000001,2.6524480028520636,5.582794372929748
500,-2.29685,11.48425,-10.355450000000001,2.6524480028520636,5.582794372929748
501,-2.29685,11.48425,10.355450000000001,2.6524480028520636,5.582794372929748
502,2.29685,-11.48425,-10.355450000000001,2.6524480028520636,5.582794372929748
503,2.29685,-11.48425,10.355450000000001,2.6524480028520636,5.582794372929748
504,2.29685,11.48425,-10.355450000000001,2.6524480028520636,5.582794372929748
505,2.29685,11.48425,10.355450000000001,2.6524480028520636,5.582794372929748
506,11.48425,-2.29685,-10.355450000000001,2.6524480028520636,5.582794372929748
507,11.48425,-2.29685,10.355450000000001,2.6524480028520636,5.582794372929748
508,11.48425,2.29685,-10.355450000000001,2.6524480028520636,5.582794372929748
509,11.48425,2.29685,10.355450000000001,2.6524480028520636,5.582794372929748
510,-9.1874,-4.5937,-11.8348,5.919765579319145,5.529282809139585
511,-9.1874,-4.5937,11.8348,5.919765579319145,5.529282809139585
512,-9.1874,4.5937,-11.8348,5.919765579319145,5.529282809139585
513,-9.1874,4.5937,11.8348,5.919765579319145,5.529282809139585
514,-4.5937,-9.1874,-11.8348,5.919765579319145,5.529282809139585
515,-4.5937,-9.1874,11.8348,5.919765579319145,5.529282809139585
516,-4.5937,9.1874,-11.8348,5.919765579319145,5.529282809139585
517,-4.5937,9.1874,11.8348,5.919765579319145,5.529282809139585
518,4.5937,-9.1874,-11.8348,5.919765579319145,5.529282809139585
519,4.5937,-9.1874,11.8348,5.919765579319145,5.529282809139585
520,4.5937,9.1874,-11.8348,5.919765579319145,5.529282809139585
521,4.5937,9.1874,11.8348,5.919765579319145,5.529282809139585
522,9.1874,-4.5937,-11.8348,5.919765579319145,5.529282809139585
523,9.1874,-4.5937,11.8348,5.919765579319145,5.529282809139585
524,9.1874,4.5937,-11.8348,5.919765579319145,5.529282809139585
525,9.1874,4.5937,11.8348,5.919765579319145,5.529282809139585
526,-13.7811,-4.5937,-5.9174,4.7573322078574725,3.89140435191827
527,-13.7811,-4.5937,5.9174,4.7573322078574725,3.89140435191827
528,-13.7811,4.5937,-5.9174,4.7573322078574725,3.89140435191827
529,-13.7811,4.5937,5.9174,4.7573322078574725,3.89140435191827
530,-4.5937,-13.7811,-5.9174,4.7573322078574725,3.89140435191827
531,-4.5937,-13.7811,5.9174,4.7573322078574725,3.89140435191827
532,-4.5937,13.7811,-5.9174,4.7573322078574725,3.89140435191827
533,-4.5937,13.7811,5.9174,4.7573322078574725,3.89140435191827
534,4.5937,-13.7811,-5.9174,4.7573322078574725,3.89140435191827
535,4.5937,-13.7811,5.9174,4.7573322078574725,3.89140435191827
536,4.5937,13.7811,-5.9174,4.7573322078574725,3.89140435191827
537,4.5937,13.7811,5.9174,4.7573322078574725,3.89140435191827
538,13.7811,-4.5937,-5.9174,4.7573322078574725,3.89140435191827
539,13.7811,-4.5937,5.9174,4.7573322078574725,3.89140435191827
540,13.7811,4.5937,-5.9174,4.7573322078574725,3.89140435191827
541,13.7811,4.5937,5.9174,4.7573322078574725,3.89140435191827
542,-9.1874,-9.1874,-8.8761,0.3735094743335798,5.13874023590523
543,-9.1874,-9.1874,8.8761,0.3735094743335798,5.13874023590523
544,-9.1874,9.1874,-8.8761,0.3735094743335798,5.13874023590523
545,-9.1874,9.1874,8.8761,0.3735094743335798,5.13874023590523
546,9.1874,-9.1874,-8.8761,0.3735094743335798,5.13874023590523
547,9.1874,-9.1874,8.8761,0.3735094743335798,5.13874023590523
548,9.1874,9.1874,-8.8761,0.3735094743335798,5.13874023590523
549,9.1874,9.1874,8.8761,0.3735094743335798,5.13874023590523
550,-4.5937,-4.5937,-14.7935,11.507872790486056,3.751829777772549
551,-4.5937,-4.5937,14.7935,11.507872790486056,3.751829777772549
552,-4.5937,4.5937,-14.7935,11.507872790486056,3.751829777772549
553,-4.5937,4.5937,14.7935,11.507872790486056,3.751829777772549
554,4.5937,-4.5937,-14.7935,11.507872790486056,3.751829777772549
555,4.5937,-4.5937,14.7935,11.507872790486056,3.751829777772549
556,4.5937,4.5937,-14.7935,11.507872790486056,3.751829777772549
557,4.5937,4.5937,14.7935,11.507872790486056,3.751829777772549
558,-11.48425,-11.48425,-1.47935,7.204176564375173,0.8952427296549024
559,-11.48425,-11.48425,1.47935,7.204176564375173,0.8952427296549024
560,-11.48425,11.48425,-1.47935,7.204176564375173,0.8952427296549024
561,-11.48425,11.48425,1.47935,7.204176564375173,0.8952427296549024
562,11.48425,-11.48425,-1.47935,7.204176564375173,0.8952427296549024
563,11.48425,-11.48425,1.47935,7.204176564375173,0.8952427296549024
564,11.48425,11.48425,-1.47935,7.204176564375173,0.8952427296549024
565,11.48425,11.48425,1.47935,7.204176564375173,0.8952427296549024
566,-13.7811,-0.0,-8.8761,0.8756756095836443,4.442552545172869
567,-13.7811,0.0,8.8761,0.8756756095836443,4.442552545172869
568,-0.0,-13.7811,-8.8761,0.8756756095836443,4.442552545172869
569,-0.0,-13.7811,8.8761,0.8756756095836443,4.442552545172869
570,0.0,13.7811,-8.8761,0.8756756095836443,4.442552545172869
571,0.0,13.7811,8.8761,0.8756756095836443,4.442552545172869
572,13.7811,-0.0,-8.8761,0.8756756095836443,4.442552545172869
573,13.7811,0.0,8.8761,0.8756756095836443,4.442552545172869
574,-6.89055,-6.89055,-13.31415,6.801616454008043,4.5611024891422
575,-6.89055,-6.89055,13.31415,6.801616454008043,4.5611024891422
576,-6.89055,6.89055,-13.31415,6.801616454008043,4.5611024891422
577,-6.89055,6.89055,13.31415,6.801616454008043,4.5611024891422
578,6.89055,-6.89055,-13.31415,6.801616454008043,4.5611024891422
579,6.89055,-6.89055,13.31415,6.801616454008043,4.5611024891422
580,6.89055,6.89055,-13.31415,6.801616454008043,4.5611024891422
581,6.89055,6.89055,13.31415,6.801616454008043,4.5611024891422
582,-13.7811,-9.1874,0.0,7.051347707151879,0.0
583,-13.7811,9.1874,0.0,7.051347707151879,0.0
584,-9.1874,-13.7811,0.0,7.051347707151879,0.0
585,-9.1874,13.7811,0.0,7.051347707151879,0.0
586,9.1874,-13.7811,0.0,7.051347707151879,0.0
587,9.1874,13.7811,0.0,7.051347707151879,0.0
588,13.7811,-9.1874,0.0,7.051347707151879,0.0
589,13.7811,9.1874,0.0,7.051347707151879,0.0
590,-13.7811,-9.1874,-2.9587,6.102755890598068,1.5623198762720756
591,-13.7811,-9.1874,2.9587,6.102755890598068,1.5623198762720756
592,-13.7811,9.1874,-2.9587,6.102755890598068,1.5623198762720756
593,-13.7811,9.1874,2.9587,6.102755890598068,1.5623198762720756
594,-9.1874,-13.7811,-2.9587,6.102755890598066,1.5623198762720747
595,-9.1874,-13.7811,2.9587,6.102755890598066,1.5623198762720747
596,-9.1874,13.7811,-2.9587,6.102755890598066,1.5623198762720747
597,-9.1874,13.7811,2.9587,6.102755890598066,1.5623198762720747
598,9.1874,-13.7811,-2.9587,6.102755890598066,1.5623198762720747
599,9.1874,-13.7811,2.9587,6.102755890598066,1.5623198762720747
600,9.1874,13.7811,-2.9587,6.102755890598066,1.5623198762720747
601,9.1874,13.7811,2.9587,6.102755890598066,1.5623198762720747
602,13.7811,-9.1874,-2.9587,6.102755890598068,1.5623198762720756
603,13.7811,-9.1874,2.9587,6.102755890598068,1.5623198762720756
604,13.7811,9.1874,-2.9587,6.102755890598068,1.5623198762720756
605,13.7811,9.1874,2.9587,6.102755890598068,1.5623198762720756
606,-11.48425,-11.48425,-4.43805,5.313605457584995,2.290048179375216
607,-11.48425,-11.48425,4.43805,5.313605457584995,2.290048179375216
608,-11.48425,11.48425,-4.43805,5.313605457584995,2.290048179375216
609,-11.48425,11.48425,4.43805,5.313605457584995,2.290048179375216
610,11.48425,-11.48425,-4.43805,5.313605457584995,2.290048179375216
611,11.48425,-11.48425,4.43805,5.313605457584995,2.290048179375216
612,11.48425,11.48425,-4.43805,5.313605457584995,2.290048179375216
613,11.48425,11.48425,4.43805,5.313605457584995,2.290048179375216
614,-11.48425,-6.89055,-10.355450000000001,0.808756001696189,4.2869700990647
615,-11.48425,-6.89055,10.355450000000001,0.808756001696189,4.2869700990647
616,-11.48425,6.89055,-10.355450000000001,0.808756001696189,4.2869700990647
617,-11.48425,6.89055,10.355450000000001,0.808756001696189,4.2869700990647
618,-6.89055,-11.48425,-10.355450000000001,0.808756001696189,4.2869700990647
619,-6.89055,-11.48425,10.355450000000001,0.808756001696189,4.2869700990647
620,-6.89055,11.48425,-10.355450000000001,0.808756001696189,4.2869700990647
621,-6.89055,11.48425,10.355450000000001,0.808756001696189,4.2869700990647
622,6.89055,-11.48425,-10.355450000000001,0.808756001696189,4.2869700990647
623,6.89055,-11.48425,10.355450000000001,0.808756001696189,4.2869700990647
624,6.89055,11.48425,-10.355450000000001,0.808756001696189,4.2869700990647
625,6.89055,11.48425,10.355450000000001,0.808756001696189,4.2869700990647
626,11.48425,-6.89055,-10.355450000000001,0.808756001696189,4.2869700990647
627,11.48425,-6.89055,10.355450000000001,0.808756001696189,4.2869700990647
628,11.48425,6.89055,-10.355450000000001,0.808756001696189,4.2869700990647
629,11.48425,6.89055,10.355450000000001,0.808756001696189,4.2869700990647
630,-13.7811,-4.5937,-8.8761,1.1977289235010458,3.8763936937653956
631,-13.7811,-4.5937,8.8761,1.1977289235010458,3.8763936937653956
632,-13.7811,4.5937,-8.8761,1.1977289235010458,3.8763936937653956
633,-13.7811,4.5937,8.8761,1.1977289235010458,3.8763936937653956
634,-4.5937,-13.7811,-8.8761,1.1977289235010458,3.8763936937653956
635,-4.5937,-13.7811,8.8761,1.1977289235010458,3.8763936937653956
636,-4.5937,13.7811,-8.8761,1.1977289235010458,3.8763936937653956
637,-4.5937,13.7811,8.8761,1.1977289235010458,3.8763936937653956
638,4.5937,-13.7811,-8.8761,1.1977289235010458,3.8763936937653956
639,4.5937,-13.7811,8.8761,1.1977289235010458,3.8763936937653956
640,4.5937,13.7811,-8.8761,1.1977289235010458,3.8763936937653956
641,4.5937,13.7811,8.8761,1.1977289235010458,3.8763936937653956
642,13.7811,-4.5937,-8.8761,1.1977289235010458,3.8763936937653956
643,13.7811,-4.5937,8.8761,1.1977289235010458,3.8763936937653956
644,13.7811,4.5937,-8.8761,1.1977289235010458,3.8763936937653956
645,13.7811,4.5937,8.8761,1.1977289235010458,3.8763936937653956
646,-9.1874,-0.0,-14.7935,7.067719350347977,3.647971988110124
647,-9.1874,0.0,14.7935,7.067719350347977,3.647971988110124
648,-0.0,-9.1874,-14.7935,7.067719350347977,3.647971988110124
649,0.0,-9.1874,14.7935,7.067719350347977,3.647971988110124
650,-0.0,9.1874,-14.7935,7.067719350347977,3.647971988110124
651,0.0,9.1874,14.7935,7.067719350347977,3.647971988110124
652,9.1874,-0.0,-14.7935,7.067719350347977,3.647971988110124
653,9.1874,0.0,14.7935,7.067719350347977,3.647971988110124
654,-9.1874,-9.1874,-11.8348,2.1268230702320876,3.9419257288704115
655,-9.1874,-9.1874,11.8348,2.1268230702320876,3.9419257288704115
656,-9.1874,9.1874,-11.8348,2.1268230702320876,3.9419257288704115
657,-9.1874,9.1874,11.8348,2.1268230702320876,3.9419257288704115
658,9.1874,-9.1874,-11.8348,2.1268230702320876,3.9419257288704115
659,9.1874,-9.1874,11.8348,2.1268230702320876,3.9419257288704115
660,9.1874,9.1874,-11.8348,2.1268230702320876,3.9419257288704115
661,9.1874,9.1874,11.8348,2.1268230702320876,3.9419257288704115
662,-13.7811,-9.1874,-5.9174,3.8889730229540134,2.503093070936547
663,-13.7811,-9.1874,5.9174,3.8889730229540134,2.503093070936547
664,-13.7811,9.1874,-5.9174,3.8889730229540134,2.503093070936547
665,-13.7811,9.1874,5.9174,3.8889730229540134,2.503093070936547
666,-9.1874,-13.7811,-5.9174,3.8889730229540116,2.503093070936546
667,-9.1874,-13.7811,5.9174,3.8889730229540116,2.503093070936546
668,-9.1874,13.7811,-5.9174,3.8889730229540116,2.503093070936546
669,-9.1874,13.7811,5.9174,3.8889730229540116,2.503093070936546
670,9.1874,-13.7811,-5.9174,3.8889730229540116,2.503093070936546
671,9.1874,-13.7811,5.9174,3.8889730229540116,2.503093070936546
672,9.1874,13.7811,-5.9174,3.8889730229540116,2.503093070936546
673,9.1874,13.7811,5.9174,3.8889730229540116,2.503093070936546
674,13.7811,-9.1874,-5.9174,3.8889730229540134,2.503093070936547
675,13.7811,-9.1874,5.9174,3.8889730229540134,2.503093070936547
676,13.7811,9.1874,-5.9174,3.8889730229540134,2.503093070936547
677,13.7811,9.1874,5.9174,3.8889730229540134,2.503093070936547
678,-11.48425,-2.29685,-13.31415,3.972497799342397,3.82325918070957
679,-11.48425,-2.29685,13.31415,3.972497799342397,3.82325918070957
680,-11.48425,2.29685,-13.31415,3.972497799342397,3.82325918070957
681,-11.48425,2.29685,13.31415,3.972497799342397,3.82325918070957
682,-2.29685,-11.48425,-13.31415,3.972497799342397,3.82325918070957
683,-2.29685,-11.48425,13.31415,3.972497799342397,3.82325918070957
684,-2.29685,11.48425,-13.31415,3.972497799342397,3.82325918070957
685,-2.29685,11.48425,13.31415,3.972497799342397,3.82325918070957
686,2.29685,-11.48425,-13.31415,3.972497799342397,3.82325918070957
687,2.29685,-11.48425,13.31415,3.972497799342397,3.82325918070957
688,2.29685,11.48425,-13.31415,3.972497799342397,3.82325918070957
689,2.29685,11.48425,13.31415,3.972497799342397,3.82325918070957
690,11.48425,-2.29685,-13.31415,3.972497799342397,3.82325918070957
691,11.48425,-2.29685,13.31415,3.972497799342397,3.82325918070957
692,11.48425,2.29685,-13.31415,3.972497799342397,3.82325918070957
693,11.48425,2.29685,13.31415,3.972497799342397,3.82325918070957
694,-11.48425,-11.48425,-7.39675,2.7318411014003994,2.852577879384546
695,-11.48425,-11.48425,7.39675,2.7318411014003994,2.852577879384546
696,-11.48425,11.48425,-7.39675,2.7318411014003994,2.852577879384546
697,-11.48425,11.48425,7.39675,2.7318411014003994,2.852577879384546
698,11.48425,-11.48425,-7.39675,2.7318411014003994,2.852577879384546
699,11.48425,-11.48425,7.39675,2.7318411014003994,2.852577879384546
700,11.48425,11.48425,-7.39675,2.7318411014003994,2.852577879384546
701,11.48425,11.48425,7.39675,2.7318411014003994,2.852577879384546
702,-9.1874,-4.5937,-14.7935,5.616855418970975,3.4472136155528865
703,-9.1874,-4.5937,14.7935,5.616855418970975,3.4472136155528865
704,-9.1874,4.5937,-14.7935,5.616855418970975,3.4472136155528865
705,-9.1874,4.5937,14.7935,5.616855418970975,3.4472136155528865
706,-4.5937,-9.1874,-14.7935,5.616855418970975,3.4472136155528865
707,-4.5937,-9.1874,14.7935,5.616855418970975,3.4472136155528865
708,-4.5937,9.1874,-14.7935,5.616855418970975,3.4472136155528865
709,-4.5937,9.1874,14.7935,5.616855418970975,3.4472136155528865
710,4.5937,-9.1874,-14.7935,5.616855418970975,3.4472136155528865
711,4.5937,-9.1874,14.7935,5.616855418970975,3.4472136155528865
712,4.5937,9.1874,-14.7935,5.616855418970975,3.4472136155528865
713,4.5937,9.1874,14.7935,5.616855418970975,3.4472136155528865
714,9.1874,-4.5937,-14.7935,5.616855418970975,3.4472136155528865
715,9.1874,-4.5937,14.7935,5.616855418970975,3.4472136155528865
716,9.1874,4.5937,-14.7935,5.616855418970975,3.4472136155528865
717,9.1874,4.5937,14.7935,5.616855418970975,3.4472136155528865
718,-13.7811,-0.0,-11.8348,1.4611295590927402,3.544321309925641
719,-13.7811,0.0,11.8348,1.4611295590927402,3.544321309925641
720,-0.0,-13.7811,-11.8348,1.4611295590927402,3.544321309925641
721,-0.0,-13.7811,11.8348,1.4611295590927402,3.544321309925641
722,0.0,13.7811,-11.8348,1.4611295590927402,3.544321309925641
723,0.0,13.7811,11.8348,1.4611295590927402,3.544321309925641
724,13.7811,-0.0,-11.8348,1.4611295590927402,3.544321309925641
725,13.7811,0.0,11.8348,1.4611295590927402,3.544321309925641
726,-13.7811,-4.5937,-11.8348,0.9586365986476627,3.199701463025517
727,-13.7811,-4.5937,11.8348,0.9586365986476627,3.199701463025517
728,-13.7811,4.5937,-11.8348,0.9586365986476627,3.199701463025517
729,-13.7811,4.5937,11.8348,0.9586365986476627,3.199701463025517
730,-4.5937,-13.7811,-11.8348,0.9586365986476627,3.199701463025517
731,-4.5937,-13.7811,11.8348,0.9586365986476627,3.199701463025517
732,-4.5937,13.7811,-11.8348,0.9586365986476627,3.199701463025517
733,-4.5937,13.7811,11.8348,0.9586365986476627,3.199701463025517
734,4.5937,-13.7811,-11.8348,0.9586365986476627,3.199701463025517
735,4.5937,-13.7811,11.8348,0.9586365986476627,3.199701463025517
736,4.5937,13.7811,-11.8348,0.9586365986476627,3.199701463025517
737,4.5937,13.7811,11.8348,0.9586365986476627,3.199701463025517
738,13.7811,-4.5937,-11.8348,0.9586365986476627,3.199701463025517
739,13.7811,-4.5937,11.8348,0.9586365986476627,3.199701463025517
740,13.7811,4.5937,-11.8348,0.9586365986476627,3.199701463025517
741,13.7811,4.5937,11.8348,0.9586365986476627,3.199701463025517
742,-13.7811,-9.1874,-8.8761,1.5965231356298404,2.6970315352275356
743,-13.7811,-9.1874,8.8761,1.5965231356298404,2.6970315352275356
744,-13.7811,9.1874,-8.8761,1.5965231356298404,2.6970315352275356
745,-13.7811,9.1874,8.8761,1.5965231356298404,2.6970315352275356
746,-9.1874,-13.7811,-8.8761,1.5965231356298404,2.6970315352275356
747,-9.1874,-13.7811,8.8761,1.5965231356298404,2.6970315352275356
748,-9.1874,13.7811,-8.8761,1.5965231356298404,2.6970315352275356
749,-9.1874,13.7811,8.8761,1.5965231356298404,2.6970315352275356
750,9.1874,-13.7811,-8.8761,1.5965231356298404,2.6970315352275356
751,9.1874,-13.7811,8.8761,1.5965231356298404,2.6970315352275356
752,9.1874,13.7811,-8.8761,1.5965231356298404,2.6970315352275356
753,9.1874,13.7811,8.8761,1.5965231356298404,2.6970315352275356
754,13.7811,-9.1874,-8.8761,1.5965231356298404,2.6970315352275356
755,13.7811,-9.1874,8.8761,1.5965231356298404,2.6970315352275356
756,13.7811,9.1874,-8.8761,1.5965231356298404,2.6970315352275356
757,13.7811,9.1874,8.8761,1.5965231356298404,2.6970315352275356
758,-11.48425,-6.89055,-13.31415,2.3365008948870942,3.1910907954378778
759,-11.48425,-6.89055,13.31415,2.3365008948870942,3.1910907954378778
760,-11.48425,6.89055,-13.31415,2.3365008948870942,3.1910907954378778
761,-11.48425,6.89055,13.31415,2.3365008948870942,3.1910907954378778
762,-6.89055,-11.48425,-13.31415,2.3365008948870942,3.1910907954378778
763,-6.89055,-11.48425,13.31415,2.3365008948870942,3.1910907954378778
764,-6.89055,11.48425,-13.31415,2.3365008948870942,3.1910907954378778
765,-6.89055,11.48425,13.31415,2.3365008948870942,3.1910907954378778
766,6.89055,-11.48425,-13.31415,2.3365008948870942,3.1910907954378778
767,6.89055,-11.48425,13.31415,2.3365008948870942,3.1910907954378778
768,6.89055,11.48425,-13.31415,2.3365008948870942,3.1910907954378778
769,6.89055,11.48425,13.31415,2.3365008948870942,3.1910907954378778
770,11.48425,-6.89055,-13.31415,2.3365008948870942,3.1910907954378778
771,11.48425,-6.89055,13.31415,2.3365008948870942,3.1910907954378778
772,11.48425,6.89055,-13.31415,2.3365008948870942,3.1910907954378778
773,11.48425,6.89055,13.31415,2.3365008948870942,3.1910907954378778
774,-11.48425,-11.48425,-10.355450000000001,0.5958003437153214,2.726653483139768
775,-11.48425,-11.48425,10.355450000000001,0.5958003437153214,2.726653483139768
776,-11.48425,11.48425,-10.355450000000001,0.5958003437153214,2.726653483139768
777,-11.48425,11.48425,10.355450000000001,0.5958003437153214,2.726653483139768
778,11.48425,-11.48425,-10.355450000000001,0.5958003437153214,2.726653483139768
779,11.48425,-11.48425,10.355450000000001,0.5958003437153214,2.726653483139768
780,11.48425,11.48425,-10.355450000000001,0.5958003437153214,2.726653483139768
781,11.48425,11.48425,10.355450000000001,0.5958003437153214,2.726653483139768
782,-13.7811,-13.7811,0.0,4.327911798394791,0.0
783,-13.7811,13.7811,0.0,4.327911798394791,0.0
784,13.7811,-13.7811,0.0,4.327911798394791,0.0
785,13.7811,13.7811,0.0,4.327911798394791,0.0
786,-9.1874,-9.1874,-14.7935,2.9113330878028347,2.7922248872897812
787,-9.1874,-9.1874,14.7935,2.9113330878028347,2.7922248872897812
788,-9.1874,9.1874,-14.7935,2.9113330878028347,2.7922248872897812
789,-9.1874,9.1874,14.7935,2.9113330878028347,2.7922248872897812
790,9.1874,-9.1874,-14.7935,2.9113330878028347,2.7922248872897812
791,9.1874,-9.1874,14.7935,2.9113330878028347,2.7922248872897812
792,9.1874,9.1874,-14.7935,2.9113330878028347,2.7922248872897812
793,9.1874,9.1874,14.7935,2.9113330878028347,2.7922248872897812
794,-13.7811,-13.7811,-2.9587,3.8998337590821843,0.8326803546158997
795,-13.7811,-13.7811,2.9587,3.8998337590821843,0.8326803546158997
796,-13.7811,13.7811,-2.9587,3.8998337590821843,0.8326803546158997
797,-13.7811,13.7811,2.9587,3.8998337590821843,0.8326803546158997
798,13.7811,-13.7811,-2.9587,3.8998337590821843,0.8326803546158997
799,13.7811,-13.7811,2.9587,3.8998337590821843,0.8326803546158997
800,13.7811,13.7811,-2.9587,3.8998337590821843,0.8326803546158997
801,13.7811,13.7811,2.9587,3.8998337590821843,0.8326803546158997
802,-13.7811,-0.0,-14.7935,2.349889340559381,2.594049457920236
803,-13.7811,0.0,14.7935,2.349889340559381,2.594049457920236
804,-0.0,-13.7811,-14.7935,2.349889340559381,2.594049457920236
805,0.0,-13.7811,14.7935,2.349889340559381,2.594049457920236
806,-0.0,13.7811,-14.7935,2.349889340559381,2.594049457920236
807,0.0,13.7811,14.7935,2.349889340559381,2.594049457920236
808,13.7811,-0.0,-14.7935,2.349889340559381,2.594049457920236
809,13.7811,0.0,14.7935,2.349889340559381,2.594049457920236
810,-13.7811,-9.1874,-11.8348,0.05314070289730445,2.410374928046756
811,-13.7811,-9.1874,11.8348,0.05314070289730445,2.410374928046756
812,-13.7811,9.1874,-11.8348,0.05314070289730445,2.410374928046756
813,-13.7811,9.1874,11.8348,0.05314070289730445,2.410374928046756
814,-9.1874,-13.7811,-11.8348,0.05314070289730297,2.4103749280467532
815,-9.1874,-13.7811,11.8348,0.05314070289730297,2.4103749280467532
816,-9.1874,13.7811,-11.8348,0.05314070289730297,2.4103749280467532
817,-9.1874,13.7811,11.8348,0.05314070289730297,2.4103749280467532
818,9.1874,-13.7811,-11.8348,0.05314070289730297,2.4103749280467532
819,9.1874,-13.7811,11.8348,0.05314070289730297,2.4103749280467532
820,9.1874,13.7811,-11.8348,0.05314070289730297,2.4103749280467532
821,9.1874,13.7811,11.8348,0.05314070289730297,2.4103749280467532
822,13.7811,-9.1874,-11.8348,0.05314070289730445,2.410374928046756
823,13.7811,-9.1874,11.8348,0.05314070289730445,2.410374928046756
824,13.7811,9.1874,-11.8348,0.05314070289730445,2.410374928046756
825,13.7811,9.1874,11.8348,0.05314070289730445,2.410374928046756
826,-13.7811,-13.7811,-5.9174,2.8315836713807014,1.4141822172231342
827,-13.7811,-13.7811,5.9174,2.8315836713807014,1.4141822172231342
828,-13.7811,13.7811,-5.9174,2.8315836713807014,1.4141822172231342
829,-13.7811,13.7811,5.9174,2.8315836713807014,1.4141822172231342
830,13.7811,-13.7811,-5.9174,2.8315836713807014,1.4141822172231342
831,13.7811,-13.7811,5.9174,2.8315836713807014,1.4141822172231342
